macro f1,micro f1
0.9649033273357885,0.970098634937682
