macro f1,micro f1
0.9609062589373379,0.9555292314124451
