macro f1,micro f1
0.960506048068109,0.9587461516932549
