macro f1,micro f1
0.9630388645180301,0.9709609592544184
