macro f1,micro f1
0.9625382452360081,0.9594876753408724
