macro f1,micro f1
0.9641311528131911,0.9685741887821788
