macro f1,micro f1
0.9650581961008653,0.9626984238572613
