macro f1,micro f1
0.9665622381823293,0.9709269344225097
