macro f1,micro f1
0.9602237248417022,0.961769831899702
