macro f1,micro f1
0.9521782338766374,0.9487626640093008
