macro f1,micro f1
0.9644855115736415,0.9719121970713327
