macro f1,micro f1
0.9664567641701198,0.9657391206186149
