macro f1,micro f1
0.9668131246231948,0.9695887031602229
