macro f1,micro f1
0.9698893291280489,0.968211750984938
