macro f1,micro f1
0.9505372647533415,0.9514083622818398
