macro f1,micro f1
0.9531739954771181,0.9469500076440911
