macro f1,micro f1
0.9564634949846076,0.9659135725956394
