macro f1,micro f1
0.9706601917047512,0.9697030182922483
