macro f1,micro f1
0.9581393981141495,0.9522193394572611
