macro f1,micro f1
0.9674470169006133,0.9655678689913177
