macro f1,micro f1
0.9821702686940023,0.9892917527709938
