macro f1,micro f1
0.9529654467510089,0.9478036032797312
