macro f1,micro f1
0.9638944920992087,0.9606096262677202
