macro f1,micro f1
0.7215552072049493,0.9590835172493901
