macro f1,micro f1
0.9747945603156336,0.9764021887824897
