macro f1,micro f1
0.7273859288954165,0.9660774705401937
