macro f1,micro f1
0.9826877946436969,0.992058555496087
