macro f1,micro f1
0.9548409851163459,0.9565717491934352
