macro f1,micro f1
0.948634986703127,0.9516171773664905
