macro f1,micro f1
0.950911228571304,0.9497180386016931
