macro f1,micro f1
0.972718357402184,0.9859397664766119
