macro f1,micro f1
0.9791884318576778,0.9813033270343011
