macro f1,micro f1
0.7245438998625524,0.9636403285600058
