macro f1,micro f1
0.9363979538030847,0.943577962606734
