macro f1,micro f1
0.9821125580010921,0.9908230321628115
