macro f1,micro f1
0.9630624315005436,0.9600516186949448
