macro f1,micro f1
0.9664940980021035,0.961128553126188
