macro f1,micro f1
0.7245648363926891,0.9629121880788134
