macro f1,micro f1
0.9628961924504169,0.964549024038869
