macro f1,micro f1
0.7297641165681485,0.9691595086628947
