macro f1,micro f1
0.959284180488098,0.9631290272549102
