macro f1,micro f1
0.9649938933851402,0.9621851700469338
