macro f1,micro f1
0.9602410462017261,0.9652219528447677
