macro f1,micro f1
0.9578365536375975,0.9629808169457401
