macro f1,micro f1
0.9500186428749091,0.9485500208130984
